<application>
  <component name="ExportableFileTemplateSettings">
    <default_templates>
      <template name="LuaClassFile.lua" reformat="true" live-template-enabled="true" />
      <template name="LuaCommandFile.lua" reformat="true" live-template-enabled="true" />
      <template name="LuaMediatorFile.lua" reformat="true" live-template-enabled="true" />
      <template name="LuaProxyFile.lua" reformat="true" live-template-enabled="true" />
    </default_templates>
  </component>
</application>